epoch,step,test_MAE,test_RMSE,test_Total_Loss,train_MAE,train_RMSE,train_Total_Loss
0,274,,,,0.3077952563762665,0.3969176411628723,0.3077952563762665
1,549,,,,0.2372301071882248,0.3100297451019287,0.2372301071882248
2,824,,,,0.2174104005098343,0.28468838334083557,0.2174104005098343
3,1099,,,,0.1887660175561905,0.2504608929157257,0.1887660175561905
4,1374,,,,0.17730140686035156,0.2356230914592743,0.17730140686035156
5,1649,,,,0.16872192919254303,0.22569990158081055,0.16872192919254303
6,1924,,,,0.16121184825897217,0.2159421145915985,0.16121184825897217
7,2199,,,,0.15994317829608917,0.21586351096630096,0.15994317829608917
8,2474,,,,0.17106682062149048,0.22652505338191986,0.17106682062149048
9,2749,,,,0.1585647612810135,0.21199533343315125,0.1585647612810135
10,3024,,,,0.15245883166790009,0.2061840444803238,0.15245883166790009
11,3299,,,,0.15464475750923157,0.20873306691646576,0.15464475750923157
12,3574,,,,0.1534276306629181,0.20837320387363434,0.1534276306629181
13,3849,,,,0.15499341487884521,0.20849640667438507,0.15499341487884521
14,4124,,,,0.1458132416009903,0.19811874628067017,0.1458132416009903
15,4399,,,,0.1404777318239212,0.1904139369726181,0.1404777318239212
16,4674,,,,0.1423160880804062,0.19210508465766907,0.1423160880804062
17,4949,,,,0.1397763341665268,0.1894131749868393,0.1397763341665268
18,5224,,,,0.1419965922832489,0.19238877296447754,0.1419965922832489
19,5499,,,,0.15293964743614197,0.2041570395231247,0.15293964743614197
20,5774,,,,0.14329618215560913,0.19118265807628632,0.14329618215560913
21,6049,,,,0.1410350203514099,0.19006335735321045,0.1410350203514099
22,6324,,,,0.13673965632915497,0.1852816939353943,0.13673965632915497
23,6599,,,,0.13411393761634827,0.1825977861881256,0.13411393761634827
24,6874,,,,0.13429835438728333,0.18110698461532593,0.13429835438728333
25,7149,,,,0.13175496459007263,0.17891165614128113,0.13175496459007263
26,7424,,,,0.1283661127090454,0.17479704320430756,0.1283661127090454
27,7699,,,,0.13330751657485962,0.181001678109169,0.13330751657485962
28,7974,,,,0.1340201199054718,0.1806255578994751,0.1340201199054718
29,8249,,,,0.1347031444311142,0.18122059106826782,0.1347031444311142
30,8524,,,,0.13714027404785156,0.18624919652938843,0.13714027404785156
31,8799,,,,0.13052770495414734,0.17658323049545288,0.13052770495414734
32,9074,,,,0.1278059035539627,0.17309679090976715,0.1278059035539627
33,9349,,,,0.12359675019979477,0.16802340745925903,0.12359675019979477
34,9624,,,,0.12400572746992111,0.16830189526081085,0.12400572746992111
35,9899,,,,0.12301881611347198,0.16759756207466125,0.12301881611347198
36,10174,,,,0.12276925146579742,0.1671338975429535,0.12276925146579742
37,10449,,,,0.12440920621156693,0.16790933907032013,0.12440920621156693
38,10724,,,,0.124547079205513,0.16923372447490692,0.124547079205513
39,10999,,,,0.12820520997047424,0.172812819480896,0.12820520997047424
40,11274,,,,0.12280786037445068,0.1671515703201294,0.12280786037445068
41,11549,,,,0.12532486021518707,0.1683679223060608,0.12532486021518707
42,11824,,,,0.12468457967042923,0.16956070065498352,0.12468457967042923
43,12099,,,,0.11787956207990646,0.1617419719696045,0.11787956207990646
44,12374,,,,0.11726053059101105,0.1604589819908142,0.11726053059101105
45,12649,,,,0.11784155666828156,0.16053447127342224,0.11784155666828156
46,12924,,,,0.11760475486516953,0.1592532843351364,0.11760475486516953
47,13199,,,,0.1151927039027214,0.15669773519039154,0.1151927039027214
48,13474,,,,0.1128496527671814,0.15420012176036835,0.1128496527671814
49,13749,,,,0.11178982257843018,0.15302662551403046,0.11178982257843018
50,14024,,,,0.11046066135168076,0.1518692523241043,0.11046066135168076
51,14299,,,,0.11104458570480347,0.1525028795003891,0.11104458570480347
52,14574,,,,0.11436058580875397,0.1551552265882492,0.11436058580875397
53,14849,,,,0.10962020605802536,0.15062245726585388,0.10962020605802536
54,15124,,,,0.10918744653463364,0.1500716656446457,0.10918744653463364
55,15399,,,,0.11177194863557816,0.15404456853866577,0.11177194863557816
56,15674,,,,0.11219248175621033,0.15310275554656982,0.11219248175621033
57,15949,,,,0.11488545686006546,0.1556122899055481,0.11488545686006546
58,16224,,,,0.11610260605812073,0.1584784984588623,0.11610260605812073
59,16499,,,,0.11675447970628738,0.1602019965648651,0.11675447970628738
60,16774,,,,0.11884816735982895,0.16157138347625732,0.11884816735982895
61,17049,,,,0.11624389886856079,0.16010071337223053,0.11624389886856079
62,17324,,,,0.11417356133460999,0.15611623227596283,0.11417356133460999
63,17599,,,,0.10947410017251968,0.15020692348480225,0.10947410017251968
64,17874,,,,0.11471731215715408,0.1561833918094635,0.11471731215715408
65,18149,,,,0.12072338908910751,0.16399942338466644,0.12072338908910751
66,18424,,,,0.1177046000957489,0.1595139354467392,0.1177046000957489
67,18699,,,,0.13492196798324585,0.1839723140001297,0.13492196798324585
68,18974,,,,0.1309465914964676,0.1778712272644043,0.1309465914964676
69,19249,,,,0.12158794701099396,0.1662987917661667,0.12158794701099396
70,19524,,,,0.12463394552469254,0.16994932293891907,0.12463394552469254
71,19799,,,,0.11910637468099594,0.16357053816318512,0.11910637468099594
72,20074,,,,0.12046577036380768,0.16407862305641174,0.12046577036380768
73,20349,,,,0.11000140011310577,0.15210571885108948,0.11000140011310577
74,20624,,,,0.10811847448348999,0.14980313181877136,0.10811847448348999
75,20899,,,,0.10685110092163086,0.14799414575099945,0.10685110092163086
76,21174,,,,0.10755493491888046,0.14927512407302856,0.10755493491888046
77,21449,,,,0.11753158271312714,0.1618078500032425,0.11753158271312714
78,21724,,,,0.13798671960830688,0.18574179708957672,0.13798671960830688
79,21999,,,,0.1205023005604744,0.16378571093082428,0.1205023005604744
80,22274,,,,0.12309999018907547,0.16883736848831177,0.12309999018907547
81,22549,,,,0.11524467170238495,0.1591455340385437,0.11524467170238495
82,22824,,,,0.10954529792070389,0.15164834260940552,0.10954529792070389
83,23099,,,,0.10588663816452026,0.14702871441841125,0.10588663816452026
84,23374,,,,0.1058482825756073,0.14795701205730438,0.1058482825756073
85,23649,,,,0.10307905077934265,0.1431245058774948,0.10307905077934265
86,23924,,,,0.10302441567182541,0.14352059364318848,0.10302441567182541
87,24199,,,,0.10522554814815521,0.1461014747619629,0.10522554814815521
88,24474,,,,0.10157833993434906,0.14155788719654083,0.10157833993434906
89,24749,,,,0.10030653327703476,0.14010432362556458,0.10030653327703476
90,25024,,,,0.10281971842050552,0.14274296164512634,0.10281971842050552
91,25299,,,,0.10512528568506241,0.14711031317710876,0.10512528568506241
92,25574,,,,0.11430858075618744,0.15958593785762787,0.11430858075618744
93,25849,,,,0.10534461587667465,0.14731936156749725,0.10534461587667465
94,26124,,,,0.10078559070825577,0.14128869771957397,0.10078559070825577
95,26399,,,,0.10293389111757278,0.1435885727405548,0.10293389111757278
96,26674,,,,0.10779307037591934,0.14880651235580444,0.10779307037591934
97,26949,,,,0.09794309735298157,0.1371902972459793,0.09794309735298157
98,27224,,,,0.09591119736433029,0.13458800315856934,0.09591119736433029
99,27499,,,,0.09550103545188904,0.13466569781303406,0.09550103545188904
100,27774,,,,0.09383166581392288,0.1317942887544632,0.09383166581392288
101,28049,,,,0.09208428859710693,0.12981583178043365,0.09208428859710693
102,28324,,,,0.0909542664885521,0.1276157647371292,0.0909542664885521
103,28599,,,,0.0917539969086647,0.12928545475006104,0.0917539969086647
104,28874,,,,0.09121464192867279,0.12904506921768188,0.09121464192867279
105,29149,,,,0.09146363288164139,0.1290522813796997,0.09146363288164139
106,29424,,,,0.09769561886787415,0.13628143072128296,0.09769561886787415
107,29699,,,,0.09804308414459229,0.1365816444158554,0.09804308414459229
108,29974,,,,0.09290125221014023,0.1308627426624298,0.09290125221014023
109,30249,,,,0.09002739191055298,0.1273004561662674,0.09002739191055298
110,30524,,,,0.08791583776473999,0.12455368041992188,0.08791583776473999
111,30799,,,,0.08816573768854141,0.1248471662402153,0.08816573768854141
112,31074,,,,0.08965914696455002,0.12647680938243866,0.08965914696455002
113,31349,,,,0.09078329056501389,0.12820090353488922,0.09078329056501389
114,31624,,,,0.08680295199155807,0.12312109768390656,0.08680295199155807
115,31899,,,,0.08655426651239395,0.12279672175645828,0.08655426651239395
116,32174,,,,0.08410774916410446,0.11972887814044952,0.08410774916410446
117,32449,,,,0.08705233782529831,0.12280641496181488,0.08705233782529831
118,32724,,,,0.08313066512346268,0.11837943643331528,0.08313066512346268
119,32999,,,,0.09607124328613281,0.13286519050598145,0.09607124328613281
120,33274,,,,0.09111088514328003,0.12771524488925934,0.09111088514328003
121,33549,,,,0.0892023965716362,0.12486029416322708,0.0892023965716362
122,33824,,,,0.10005351901054382,0.13724814355373383,0.10005351901054382
123,34099,,,,0.09988564252853394,0.13862662017345428,0.09988564252853394
124,34374,,,,0.09627076238393784,0.13388803601264954,0.09627076238393784
125,34649,,,,0.08995738625526428,0.12613436579704285,0.08995738625526428
126,34924,,,,0.0878385603427887,0.12412424385547638,0.0878385603427887
127,35199,,,,0.10186901688575745,0.14022210240364075,0.10186901688575745
128,35474,,,,0.0937085822224617,0.12974900007247925,0.0937085822224617
129,35749,,,,0.08872673660516739,0.12393436580896378,0.08872673660516739
130,36024,,,,0.09377535432577133,0.13053001463413239,0.09377535432577133
131,36299,,,,0.08509190380573273,0.1209455132484436,0.08509190380573273
132,36574,,,,0.08339184522628784,0.11902321875095367,0.08339184522628784
133,36849,,,,0.08405087888240814,0.11994661390781403,0.08405087888240814
134,37124,,,,0.09043222665786743,0.12726269662380219,0.09043222665786743
135,37399,,,,0.11527792364358902,0.15720713138580322,0.11527792364358902
136,37674,,,,0.10093919932842255,0.14030715823173523,0.10093919932842255
137,37949,,,,0.09157054871320724,0.12856687605381012,0.09157054871320724
138,38224,,,,0.094418004155159,0.132790207862854,0.094418004155159
139,38499,,,,0.0891018733382225,0.1255652755498886,0.0891018733382225
140,38774,,,,0.08707070350646973,0.12247253954410553,0.08707070350646973
141,39049,,,,0.08469163626432419,0.12016142159700394,0.08469163626432419
142,39324,,,,0.10507228225469589,0.14410440623760223,0.10507228225469589
143,39599,,,,0.09830110520124435,0.1356627196073532,0.09830110520124435
144,39874,,,,0.10530012100934982,0.1438944786787033,0.10530012100934982
145,40149,,,,0.1189161092042923,0.16233442723751068,0.1189161092042923
146,40424,,,,0.10387253016233444,0.14246666431427002,0.10387253016233444
147,40699,,,,0.09338106215000153,0.13031549751758575,0.09338106215000153
148,40974,,,,0.08838975429534912,0.12486118078231812,0.08838975429534912
149,41249,,,,0.08906402438879013,0.12510181963443756,0.08906402438879013
150,41524,,,,0.0841558650135994,0.11952046304941177,0.0841558650135994
151,41799,,,,0.09108256548643112,0.13003933429718018,0.09108256548643112
152,42074,,,,0.0857565626502037,0.12287911027669907,0.0857565626502037
153,42349,,,,0.08597671240568161,0.12059606611728668,0.08597671240568161
154,42624,,,,0.0854303166270256,0.11976839601993561,0.0854303166270256
155,42899,,,,0.08137127012014389,0.11539792269468307,0.08137127012014389
156,43174,,,,0.09767061471939087,0.13435614109039307,0.09767061471939087
157,43449,,,,0.0848052129149437,0.12024401128292084,0.0848052129149437
158,43724,,,,0.08279691636562347,0.11726559698581696,0.08279691636562347
159,43999,,,,0.07970546931028366,0.11413948237895966,0.07970546931028366
160,44274,,,,0.07831687480211258,0.11270131170749664,0.07831687480211258
161,44549,,,,0.07682912796735764,0.11045821756124496,0.07682912796735764
162,44824,,,,0.07661135494709015,0.11072652041912079,0.07661135494709015
163,45099,,,,0.07599905878305435,0.11048060655593872,0.07599905878305435
164,45374,,,,0.08028172701597214,0.1143452450633049,0.08028172701597214
165,45649,,,,0.07696886360645294,0.11082836985588074,0.07696886360645294
166,45924,,,,0.07397489994764328,0.10709249973297119,0.07397489994764328
167,46199,,,,0.07676924765110016,0.1095389798283577,0.07676924765110016
168,46474,,,,0.07889405637979507,0.11248719692230225,0.07889405637979507
169,46749,,,,0.07440817356109619,0.10612325370311737,0.07440817356109619
170,47024,,,,0.07531993836164474,0.10843463242053986,0.07531993836164474
171,47299,,,,0.07737258821725845,0.11035958677530289,0.07737258821725845
172,47574,,,,0.07481139898300171,0.10747615993022919,0.07481139898300171
173,47849,,,,0.07439865171909332,0.1069977805018425,0.07439865171909332
174,48124,,,,0.07278575748205185,0.1051337867975235,0.07278575748205185
175,48399,,,,0.07181225717067719,0.10380198061466217,0.07181225717067719
176,48674,,,,0.07112471759319305,0.10359708964824677,0.07112471759319305
177,48949,,,,0.07133973389863968,0.1032242476940155,0.07133973389863968
178,49224,,,,0.07091285288333893,0.10226165503263474,0.07091285288333893
179,49499,,,,0.07097070664167404,0.10302454978227615,0.07097070664167404
180,49774,,,,0.08103924989700317,0.11394128203392029,0.08103924989700317
181,50049,,,,0.07158201187849045,0.10381714999675751,0.07158201187849045
182,50324,,,,0.07186708599328995,0.10380542278289795,0.07186708599328995
183,50599,,,,0.07046709209680557,0.10222852975130081,0.07046709209680557
184,50874,,,,0.06955118477344513,0.10151662677526474,0.06955118477344513
185,51149,,,,0.06996510922908783,0.10189250111579895,0.06996510922908783
186,51424,,,,0.09418866783380508,0.13155150413513184,0.09418866783380508
187,51699,,,,0.08019048720598221,0.11427833139896393,0.08019048720598221
188,51974,,,,0.07321822643280029,0.10501708090305328,0.07321822643280029
189,52249,,,,0.07020030170679092,0.10156992822885513,0.07020030170679092
190,52524,,,,0.06871906667947769,0.09977290034294128,0.06871906667947769
191,52799,,,,0.07450936734676361,0.10630833357572556,0.07450936734676361
192,53074,,,,0.06807263940572739,0.09886320680379868,0.06807263940572739
193,53349,,,,0.06587468832731247,0.09649273753166199,0.06587468832731247
194,53624,,,,0.06583347171545029,0.09686096757650375,0.06583347171545029
195,53899,,,,0.08953119069337845,0.12567414343357086,0.08953119069337845
196,54174,,,,0.08263984322547913,0.11775071173906326,0.08263984322547913
197,54449,,,,0.07771047204732895,0.1104026585817337,0.07771047204732895
198,54724,,,,0.07445070147514343,0.10722238570451736,0.07445070147514343
199,54999,,,,0.07047270983457565,0.10208754986524582,0.07047270983457565
200,55274,,,,0.07634636759757996,0.10975685715675354,0.07634636759757996
201,55549,,,,0.07294628769159317,0.1048702746629715,0.07294628769159317
202,55824,,,,0.07573097944259644,0.10892131924629211,0.07573097944259644
203,56099,,,,0.0722128301858902,0.10486907511949539,0.0722128301858902
204,56374,,,,0.06930498778820038,0.10093598067760468,0.06930498778820038
205,56649,,,,0.0745391845703125,0.10682518780231476,0.0745391845703125
206,56924,,,,0.06571429967880249,0.09693830460309982,0.06571429967880249
207,57199,,,,0.06692216545343399,0.09776334464550018,0.06692216545343399
208,57474,,,,0.06402397900819778,0.09473326057195663,0.06402397900819778
209,57749,,,,0.0638400986790657,0.0940488651394844,0.0638400986790657
210,58024,,,,0.06263510882854462,0.09280678629875183,0.06263510882854462
211,58299,,,,0.06354404985904694,0.0936969593167305,0.06354404985904694
212,58574,,,,0.06937112659215927,0.10111699253320694,0.06937112659215927
213,58849,,,,0.06425248831510544,0.0954815149307251,0.06425248831510544
214,59124,,,,0.06375700235366821,0.09368818253278732,0.06375700235366821
215,59399,,,,0.061043038964271545,0.09098778665065765,0.061043038964271545
216,59674,,,,0.06068923696875572,0.09031829982995987,0.06068923696875572
217,59949,,,,0.07041524350643158,0.10153841972351074,0.07041524350643158
218,60224,,,,0.06223144382238388,0.09205280989408493,0.06223144382238388
219,60499,,,,0.0610605888068676,0.09086169302463531,0.0610605888068676
220,60774,,,,0.06454551219940186,0.09505214542150497,0.06454551219940186
221,61049,,,,0.06292758136987686,0.09289698302745819,0.06292758136987686
222,61324,,,,0.060642097145318985,0.09014897048473358,0.060642097145318985
223,61599,,,,0.06039124354720116,0.08956632763147354,0.06039124354720116
224,61874,,,,0.06195131689310074,0.0920102521777153,0.06195131689310074
225,62149,,,,0.05929306149482727,0.08921128511428833,0.05929306149482727
226,62424,,,,0.0580999031662941,0.0868925079703331,0.0580999031662941
227,62699,,,,0.05966510623693466,0.0886681079864502,0.05966510623693466
228,62974,,,,0.0575067512691021,0.08670835942029953,0.0575067512691021
229,63249,,,,0.05898863449692726,0.08780594170093536,0.05898863449692726
230,63524,,,,0.058202337473630905,0.08684922009706497,0.058202337473630905
231,63799,,,,0.05703354999423027,0.08614100515842438,0.05703354999423027
232,64074,,,,0.058793649077415466,0.08765505254268646,0.058793649077415466
233,64349,,,,0.057671066373586655,0.08655198663473129,0.057671066373586655
234,64624,,,,0.05771379545331001,0.08635778725147247,0.05771379545331001
235,64899,,,,0.05557329207658768,0.08409450203180313,0.05557329207658768
236,65174,,,,0.05558725446462631,0.08403951674699783,0.05558725446462631
237,65449,,,,0.05515316501259804,0.0830364003777504,0.05515316501259804
238,65724,,,,0.05571123957633972,0.08373761922121048,0.05571123957633972
239,65999,,,,0.05421052873134613,0.08195359259843826,0.05421052873134613
240,66274,,,,0.05548715963959694,0.08340661227703094,0.05548715963959694
241,66549,,,,0.052603449672460556,0.08032683283090591,0.052603449672460556
242,66824,,,,0.053335193544626236,0.08064509183168411,0.053335193544626236
243,67099,,,,0.05430776998400688,0.08223815262317657,0.05430776998400688
244,67374,,,,0.05345173180103302,0.08097896724939346,0.05345173180103302
245,67649,,,,0.05352151393890381,0.08091040700674057,0.05352151393890381
246,67924,,,,0.05329025536775589,0.08038076013326645,0.05329025536775589
247,68199,,,,0.053237080574035645,0.08081906288862228,0.053237080574035645
248,68474,,,,0.052066899836063385,0.07951626926660538,0.052066899836063385
249,68749,,,,0.05586714670062065,0.08356829732656479,0.05586714670062065
250,69024,,,,0.0570392981171608,0.08447954803705215,0.0570392981171608
251,69299,,,,0.05328759178519249,0.08060026913881302,0.05328759178519249
252,69574,,,,0.05765251815319061,0.08507097512483597,0.05765251815319061
253,69849,,,,0.0539977103471756,0.08144775778055191,0.0539977103471756
254,70124,,,,0.05198268964886665,0.07977084070444107,0.05198268964886665
255,70399,,,,0.06105169653892517,0.0894925594329834,0.06105169653892517
256,70674,,,,0.05144248902797699,0.07904476672410965,0.05144248902797699
257,70949,,,,0.05235729366540909,0.07932323217391968,0.05235729366540909
258,71224,,,,0.07651293277740479,0.1084323301911354,0.07651293277740479
259,71499,,,,0.05907731503248215,0.08666645735502243,0.05907731503248215
260,71774,,,,0.059317611157894135,0.0877007320523262,0.059317611157894135
261,72049,,,,0.05319724977016449,0.08022996038198471,0.05319724977016449
262,72324,,,,0.05068545788526535,0.07794252038002014,0.05068545788526535
263,72599,,,,0.05032816156744957,0.07722776383161545,0.05032816156744957
264,72874,,,,0.04876679182052612,0.07533726096153259,0.04876679182052612
265,73149,,,,0.048365917056798935,0.07477204501628876,0.048365917056798935
266,73424,,,,0.04911481961607933,0.0762101337313652,0.04911481961607933
267,73699,,,,0.04932921379804611,0.07528586685657501,0.04932921379804611
268,73974,,,,0.049810945987701416,0.07617523521184921,0.049810945987701416
269,74249,,,,0.049222394824028015,0.07594215124845505,0.049222394824028015
270,74524,,,,0.04849199578166008,0.0752030536532402,0.04849199578166008
271,74799,,,,0.050991833209991455,0.0780911073088646,0.050991833209991455
272,75074,,,,0.05037880688905716,0.07671347260475159,0.05037880688905716
273,75349,,,,0.05444108694791794,0.08188118785619736,0.05444108694791794
274,75624,,,,0.05299775302410126,0.08087310940027237,0.05299775302410126
275,75899,,,,0.05242731049656868,0.07973390072584152,0.05242731049656868
276,76174,,,,0.04915739968419075,0.07489264011383057,0.04915739968419075
277,76449,,,,0.05240701511502266,0.07904957234859467,0.05240701511502266
278,76724,,,,0.0478050671517849,0.07311905920505524,0.0478050671517849
279,76999,,,,0.04782072454690933,0.07427192479372025,0.04782072454690933
280,77274,,,,0.06753754615783691,0.09746704250574112,0.06753754615783691
281,77549,,,,0.06519611179828644,0.09496790915727615,0.06519611179828644
282,77824,,,,0.0527862012386322,0.07996585220098495,0.0527862012386322
283,78099,,,,0.05116353929042816,0.07823402434587479,0.05116353929042816
284,78374,,,,0.05133222043514252,0.07939913123846054,0.05133222043514252
285,78649,,,,0.050227317959070206,0.07670695334672928,0.050227317959070206
286,78924,,,,0.04714995622634888,0.07370926439762115,0.04714995622634888
287,79199,,,,0.04900331050157547,0.07545172423124313,0.04900331050157547
288,79474,,,,0.049577951431274414,0.07614850997924805,0.049577951431274414
289,79749,,,,0.046082817018032074,0.07199908047914505,0.046082817018032074
290,80024,,,,0.04562440514564514,0.07163487374782562,0.04562440514564514
291,80299,,,,0.04460149258375168,0.07015486061573029,0.04460149258375168
292,80574,,,,0.04457288607954979,0.06979461759328842,0.04457288607954979
293,80849,,,,0.04931362718343735,0.07576066255569458,0.04931362718343735
294,81124,,,,0.04639837145805359,0.07203492522239685,0.04639837145805359
295,81399,,,,0.044446688145399094,0.0700891986489296,0.044446688145399094
296,81674,,,,0.047996386885643005,0.07445737719535828,0.047996386885643005
297,81949,,,,0.04517216235399246,0.07106050848960876,0.04517216235399246
298,82224,,,,0.044014979153871536,0.06997525691986084,0.044014979153871536
299,82499,,,,0.043868713080883026,0.0692431777715683,0.043868713080883026
300,82774,,,,0.04362092539668083,0.0693378746509552,0.04362092539668083
301,83049,,,,0.041679009795188904,0.06709848344326019,0.041679009795188904
302,83324,,,,0.04169970378279686,0.06661826372146606,0.04169970378279686
303,83599,,,,0.048340484499931335,0.07526521384716034,0.048340484499931335
304,83874,,,,0.045568160712718964,0.07123538106679916,0.045568160712718964
305,84149,,,,0.04277057200670242,0.06772566586732864,0.04277057200670242
306,84424,,,,0.04122158885002136,0.06685665249824524,0.04122158885002136
307,84699,,,,0.04072059318423271,0.0657758042216301,0.04072059318423271
308,84974,,,,0.04438856989145279,0.06948846578598022,0.04438856989145279
309,85249,,,,0.04272492602467537,0.06767315417528152,0.04272492602467537
310,85524,,,,0.04186278209090233,0.06686066836118698,0.04186278209090233
311,85799,,,,0.04221668839454651,0.06751145422458649,0.04221668839454651
312,86074,,,,0.055840443819761276,0.08422712981700897,0.055840443819761276
313,86349,,,,0.04893771559000015,0.07553347200155258,0.04893771559000015
314,86624,,,,0.042517032474279404,0.06819051504135132,0.042517032474279404
315,86899,,,,0.04110623151063919,0.06622150540351868,0.04110623151063919
316,87174,,,,0.03995680809020996,0.06516174226999283,0.03995680809020996
317,87449,,,,0.03912276029586792,0.06375721096992493,0.03912276029586792
318,87724,,,,0.03853117674589157,0.06307923793792725,0.03853117674589157
319,87999,,,,0.03946427255868912,0.06414996832609177,0.03946427255868912
320,88274,,,,0.0395745187997818,0.06409113109111786,0.0395745187997818
321,88549,,,,0.03793802112340927,0.06221737340092659,0.03793802112340927
322,88824,,,,0.03881583735346794,0.0635596290230751,0.03881583735346794
323,89099,,,,0.038531284779310226,0.06347852945327759,0.038531284779310226
324,89374,,,,0.03803181275725365,0.062291089445352554,0.03803181275725365
325,89649,,,,0.04397108405828476,0.06938546895980835,0.04397108405828476
326,89924,,,,0.04498288035392761,0.07016182690858841,0.04498288035392761
327,90199,,,,0.04382837936282158,0.06848283857107162,0.04382837936282158
328,90474,,,,0.040729817003011703,0.06513389945030212,0.040729817003011703
329,90749,,,,0.03963317349553108,0.06392046064138412,0.03963317349553108
330,91024,,,,0.03898908570408821,0.06309390068054199,0.03898908570408821
331,91299,,,,0.038009803742170334,0.0622556172311306,0.038009803742170334
332,91574,,,,0.03770650923252106,0.062203310430049896,0.03770650923252106
333,91849,,,,0.035785309970378876,0.06017130985856056,0.035785309970378876
334,92124,,,,0.036702707409858704,0.060951050370931625,0.036702707409858704
335,92399,,,,0.03561722859740257,0.0597853921353817,0.03561722859740257
336,92674,,,,0.03550540655851364,0.05981447547674179,0.03550540655851364
337,92949,,,,0.035142626613378525,0.0591827817261219,0.035142626613378525
338,93224,,,,0.03554124757647514,0.059342797845602036,0.03554124757647514
339,93499,,,,0.03438995033502579,0.059015195816755295,0.03438995033502579
340,93774,,,,0.03468145802617073,0.058220598846673965,0.03468145802617073
341,94049,,,,0.03468352556228638,0.05816233158111572,0.03468352556228638
342,94324,,,,0.034820057451725006,0.058864474296569824,0.034820057451725006
343,94599,,,,0.03452827408909798,0.05814336612820625,0.03452827408909798
344,94874,,,,0.033759985119104385,0.05813279002904892,0.033759985119104385
345,95149,,,,0.03806159272789955,0.06266700476408005,0.03806159272789955
346,95424,,,,0.03743049502372742,0.06149865314364433,0.03743049502372742
347,95699,,,,0.03525649383664131,0.05913322791457176,0.03525649383664131
348,95974,,,,0.03368455916643143,0.057263534516096115,0.03368455916643143
349,96249,,,,0.03360913693904877,0.057575054466724396,0.03360913693904877
350,96524,,,,0.03458704799413681,0.058218907564878464,0.03458704799413681
351,96799,,,,0.04152555763721466,0.06644085794687271,0.04152555763721466
352,97074,,,,0.04055655747652054,0.06525368988513947,0.04055655747652054
353,97349,,,,0.036089178174734116,0.05996938422322273,0.036089178174734116
354,97624,,,,0.03622311353683472,0.06014033779501915,0.03622311353683472
355,97899,,,,0.03894134610891342,0.06303147971630096,0.03894134610891342
356,98174,,,,0.034670256078243256,0.05760783702135086,0.034670256078243256
357,98449,,,,0.03306926041841507,0.056719306856393814,0.03306926041841507
358,98724,,,,0.03233124688267708,0.05611223727464676,0.03233124688267708
359,98999,,,,0.0326034314930439,0.056198734790086746,0.0326034314930439
360,99274,,,,0.03183203563094139,0.05575427785515785,0.03183203563094139
361,99549,,,,0.03294560685753822,0.0564030297100544,0.03294560685753822
362,99824,,,,0.03290897235274315,0.05649968609213829,0.03290897235274315
363,100099,,,,0.03168006241321564,0.05547336861491203,0.03168006241321564
364,100374,,,,0.030884897336363792,0.0540727823972702,0.030884897336363792
365,100649,,,,0.030729899182915688,0.05444951355457306,0.030729899182915688
366,100924,,,,0.03028044104576111,0.05436236411333084,0.03028044104576111
367,101199,,,,0.0318356417119503,0.05524451658129692,0.0318356417119503
368,101474,,,,0.03288332000374794,0.05663939192891121,0.03288332000374794
369,101749,,,,0.033362749963998795,0.05777835473418236,0.033362749963998795
370,102024,,,,0.030631644651293755,0.05418279021978378,0.030631644651293755
371,102299,,,,0.03009200654923916,0.05379924550652504,0.03009200654923916
372,102574,,,,0.029682235792279243,0.05314062535762787,0.029682235792279243
373,102849,,,,0.03741750866174698,0.06253733485937119,0.03741750866174698
374,103124,,,,0.033752694725990295,0.05711457133293152,0.033752694725990295
375,103399,,,,0.030641797930002213,0.05372092127799988,0.030641797930002213
376,103674,,,,0.030437184497714043,0.053772661834955215,0.030437184497714043
377,103949,,,,0.030812222510576248,0.054227299988269806,0.030812222510576248
378,104224,,,,0.03137074038386345,0.05476074293255806,0.03137074038386345
379,104499,,,,0.02992708422243595,0.05338125675916672,0.02992708422243595
380,104774,,,,0.029495300725102425,0.05321911349892616,0.029495300725102425
381,105049,,,,0.029102271422743797,0.052464958280324936,0.029102271422743797
382,105324,,,,0.03109949827194214,0.054769739508628845,0.03109949827194214
383,105599,,,,0.030172590166330338,0.05376887321472168,0.030172590166330338
384,105874,,,,0.03446773812174797,0.05775471776723862,0.03446773812174797
385,106149,,,,0.030749283730983734,0.054320190101861954,0.030749283730983734
386,106424,,,,0.029453637078404427,0.05321658030152321,0.029453637078404427
387,106699,,,,0.028585264459252357,0.05176294967532158,0.028585264459252357
388,106974,,,,0.02806595340371132,0.05183815583586693,0.02806595340371132
389,107249,,,,0.02758055180311203,0.05166783928871155,0.02758055180311203
390,107524,,,,0.027806740254163742,0.051606662571430206,0.027806740254163742
391,107799,,,,0.027160974219441414,0.05092637985944748,0.027160974219441414
392,108074,,,,0.027383537963032722,0.051607828587293625,0.027383537963032722
393,108349,,,,0.02675783820450306,0.050957899540662766,0.02675783820450306
394,108624,,,,0.026881717145442963,0.051008183509111404,0.026881717145442963
395,108899,,,,0.026687441393733025,0.05005831643939018,0.026687441393733025
396,109174,,,,0.026539387181401253,0.05026760324835777,0.026539387181401253
397,109449,,,,0.026612337678670883,0.04992150142788887,0.026612337678670883
398,109724,,,,0.027467045933008194,0.050871919840574265,0.027467045933008194
399,109999,,,,0.02660016529262066,0.05022827908396721,0.02660016529262066
400,110274,,,,0.02625696174800396,0.05040660500526428,0.02625696174800396
401,110549,,,,0.026117870584130287,0.04995149374008179,0.026117870584130287
402,110824,,,,0.029842395335435867,0.05303071439266205,0.029842395335435867
403,111099,,,,0.027882633730769157,0.05130857974290848,0.027882633730769157
404,111374,,,,0.026642654091119766,0.04993854835629463,0.026642654091119766
405,111649,,,,0.025731699541211128,0.049232207238674164,0.025731699541211128
406,111924,,,,0.025889301672577858,0.049250777810811996,0.025889301672577858
407,112199,,,,0.02672169916331768,0.050225380808115005,0.02672169916331768
408,112474,,,,0.02692459523677826,0.0500517264008522,0.02692459523677826
409,112749,,,,0.026281991973519325,0.050145216286182404,0.026281991973519325
410,113024,,,,0.025974471122026443,0.049356792122125626,0.025974471122026443
411,113299,,,,0.025219690054655075,0.049424909055233,0.025219690054655075
412,113574,,,,0.024995213374495506,0.049034424126148224,0.024995213374495506
413,113849,,,,0.024899378418922424,0.04881555959582329,0.024899378418922424
414,114124,,,,0.02475951984524727,0.04922367259860039,0.02475951984524727
415,114399,,,,0.024945050477981567,0.04833928495645523,0.024945050477981567
416,114674,,,,0.024703431874513626,0.04844824969768524,0.024703431874513626
417,114949,,,,0.025209195911884308,0.049136560410261154,0.025209195911884308
418,115224,,,,0.02446848154067993,0.048628464341163635,0.02446848154067993
419,115499,,,,0.02416715957224369,0.04780631512403488,0.02416715957224369
420,115774,,,,0.0248515997081995,0.04850250855088234,0.0248515997081995
421,116049,,,,0.02436080016195774,0.04846935346722603,0.02436080016195774
422,116324,,,,0.02468216046690941,0.04861646518111229,0.02468216046690941
423,116599,,,,0.024028727784752846,0.047885872423648834,0.024028727784752846
424,116874,,,,0.023730948567390442,0.048188187181949615,0.023730948567390442
425,117149,,,,0.02362331934273243,0.047911062836647034,0.02362331934273243
426,117424,,,,0.023638581857085228,0.04768691956996918,0.023638581857085228
427,117699,,,,0.023580064997076988,0.04769052192568779,0.023580064997076988
428,117974,,,,0.023312851786613464,0.04739474505186081,0.023312851786613464
429,118249,,,,0.023284833878278732,0.04749205335974693,0.023284833878278732
430,118524,,,,0.02391953580081463,0.0482349768280983,0.02391953580081463
431,118799,,,,0.023295802995562553,0.04753744974732399,0.023295802995562553
432,119074,,,,0.023023759946227074,0.047650743275880814,0.023023759946227074
433,119349,,,,0.022899318486452103,0.04705706238746643,0.022899318486452103
434,119624,,,,0.02441580221056938,0.04778333008289337,0.02441580221056938
435,119899,,,,0.023294154554605484,0.047883540391922,0.023294154554605484
436,120174,,,,0.022793082520365715,0.047400325536727905,0.022793082520365715
437,120449,,,,0.023577570915222168,0.047669440507888794,0.023577570915222168
438,120724,,,,0.022956054657697678,0.04710785299539566,0.022956054657697678
439,120999,,,,0.022627122700214386,0.04626404121518135,0.022627122700214386
440,121274,,,,0.02234148047864437,0.046996619552373886,0.02234148047864437
441,121549,,,,0.022680865600705147,0.04638959839940071,0.022680865600705147
442,121824,,,,0.022211413830518723,0.046742457896471024,0.022211413830518723
443,122099,,,,0.022151470184326172,0.04663706570863724,0.022151470184326172
444,122374,,,,0.02241458371281624,0.046769022941589355,0.02241458371281624
445,122649,,,,0.022188154980540276,0.04694714397192001,0.022188154980540276
446,122924,,,,0.02195131778717041,0.04649718850851059,0.02195131778717041
447,123199,,,,0.021909644827246666,0.046746060252189636,0.021909644827246666
448,123474,,,,0.022123543545603752,0.047389328479766846,0.022123543545603752
449,123749,,,,0.0217964556068182,0.04661531373858452,0.0217964556068182
450,124024,,,,0.02167428657412529,0.04630078747868538,0.02167428657412529
451,124299,,,,0.021675392985343933,0.04665300250053406,0.021675392985343933
452,124574,,,,0.02151205763220787,0.04686152562499046,0.02151205763220787
453,124849,,,,0.021471934393048286,0.04607325792312622,0.021471934393048286
454,125124,,,,0.021377917379140854,0.046386122703552246,0.021377917379140854
455,125399,,,,0.02139897830784321,0.04583403468132019,0.02139897830784321
456,125674,,,,0.021273821592330933,0.04535903409123421,0.021273821592330933
457,125949,,,,0.0212323646992445,0.04597669839859009,0.0212323646992445
458,126224,,,,0.02108817920088768,0.045873142778873444,0.02108817920088768
459,126499,,,,0.021103354170918465,0.04621920362114906,0.021103354170918465
460,126774,,,,0.02210375852882862,0.04656193405389786,0.02210375852882862
461,127049,,,,0.02124599739909172,0.04590115323662758,0.02124599739909172
462,127324,,,,0.02104502171278,0.04584359750151634,0.02104502171278
463,127599,,,,0.02094140835106373,0.045830391347408295,0.02094140835106373
464,127874,,,,0.020832734182476997,0.0464174784719944,0.020832734182476997
465,128149,,,,0.020821716636419296,0.04586651921272278,0.020821716636419296
466,128424,,,,0.020859599113464355,0.04588983952999115,0.020859599113464355
467,128699,,,,0.020779723301529884,0.04580555856227875,0.020779723301529884
468,128974,,,,0.020767878741025925,0.045815132558345795,0.020767878741025925
469,129249,,,,0.02099810540676117,0.04585336893796921,0.02099810540676117
470,129524,,,,0.020767172798514366,0.046406492590904236,0.020767172798514366
471,129799,,,,0.021175619214773178,0.04569000378251076,0.021175619214773178
472,130074,,,,0.02063857391476631,0.04601607099175453,0.02063857391476631
473,130349,,,,0.02048528753221035,0.045979034155607224,0.02048528753221035
474,130624,,,,0.020418774336576462,0.04593204706907272,0.020418774336576462
475,130899,,,,0.020388595759868622,0.045447856187820435,0.020388595759868622
476,131174,,,,0.02036377787590027,0.045814309269189835,0.02036377787590027
477,131449,,,,0.02029392495751381,0.04571373388171196,0.02029392495751381
478,131724,,,,0.020296679809689522,0.04527490213513374,0.020296679809689522
479,131999,,,,0.020254675298929214,0.04595709592103958,0.020254675298929214
480,132274,,,,0.020218506455421448,0.04566376656293869,0.020218506455421448
481,132549,,,,0.02020079456269741,0.045332685112953186,0.02020079456269741
482,132824,,,,0.020161258056759834,0.045361004769802094,0.020161258056759834
483,133099,,,,0.02015453204512596,0.04544277861714363,0.02015453204512596
484,133374,,,,0.020205942913889885,0.045480646193027496,0.020205942913889885
485,133649,,,,0.02014278806746006,0.04563560709357262,0.02014278806746006
486,133924,,,,0.020100316032767296,0.04566732794046402,0.020100316032767296
487,134199,,,,0.02010452374815941,0.045590560883283615,0.02010452374815941
488,134474,,,,0.02006988227367401,0.04571261629462242,0.02006988227367401
489,134749,,,,0.02000816911458969,0.045385606586933136,0.02000816911458969
490,135024,,,,0.02001187950372696,0.045443616807460785,0.02001187950372696
491,135299,,,,0.019991442561149597,0.045411329716444016,0.019991442561149597
492,135574,,,,0.0199587419629097,0.045790039002895355,0.0199587419629097
493,135849,,,,0.01995471864938736,0.04544125124812126,0.01995471864938736
494,136124,,,,0.02000024914741516,0.04524172097444534,0.02000024914741516
495,136399,,,,0.019947873428463936,0.04587506875395775,0.019947873428463936
496,136674,,,,0.019897207617759705,0.04550710320472717,0.019897207617759705
497,136949,,,,0.01989627256989479,0.04525364190340042,0.01989627256989479
498,137224,,,,0.01991577073931694,0.045519132167100906,0.01991577073931694
499,137499,,,,0.019907880574464798,0.04543116316199303,0.019907880574464798
500,137774,,,,0.019886191934347153,0.04535416513681412,0.019886191934347153
501,138049,,,,0.01987624540925026,0.04499414190649986,0.01987624540925026
502,138324,,,,0.019838988780975342,0.04515312612056732,0.019838988780975342
503,138599,,,,0.01982928439974785,0.04545416310429573,0.01982928439974785
504,138874,,,,0.019834470003843307,0.04573138430714607,0.019834470003843307
505,139149,,,,0.01981993392109871,0.0458877868950367,0.01981993392109871
506,139424,,,,0.019828567281365395,0.04528842121362686,0.019828567281365395
507,139699,,,,0.019819501787424088,0.045737337321043015,0.019819501787424088
508,139974,,,,0.019816385582089424,0.045556772500276566,0.019816385582089424
509,140249,,,,0.019807176664471626,0.045057907700538635,0.019807176664471626
510,140524,,,,0.01983899064362049,0.04585862159729004,0.01983899064362049
511,140799,,,,0.01982503943145275,0.045429475605487823,0.01982503943145275
512,141074,,,,0.01980655826628208,0.04558791220188141,0.01980655826628208
513,141349,,,,0.01997534930706024,0.04503706470131874,0.01997534930706024
514,141624,,,,0.0202750563621521,0.0451764352619648,0.0202750563621521
515,141899,,,,0.021080169826745987,0.046064816415309906,0.021080169826745987
516,142174,,,,0.020794905722141266,0.045944929122924805,0.020794905722141266
517,142449,,,,0.020403234288096428,0.045367415994405746,0.020403234288096428
518,142724,,,,0.020240232348442078,0.0454476960003376,0.020240232348442078
519,142999,,,,0.020254231989383698,0.04530906304717064,0.020254231989383698
520,143274,,,,0.020979827269911766,0.04554487392306328,0.020979827269911766
521,143549,,,,0.020185919478535652,0.04504940286278725,0.020185919478535652
522,143824,,,,0.020022738724946976,0.045302342623472214,0.020022738724946976
523,144099,,,,0.019915428012609482,0.04554692283272743,0.019915428012609482
524,144374,,,,0.019878029823303223,0.04535723477602005,0.019878029823303223
525,144649,,,,0.019860293716192245,0.04512830078601837,0.019860293716192245
526,144924,,,,0.019857678562402725,0.04583587870001793,0.019857678562402725
527,145199,,,,0.0198355820029974,0.04530518501996994,0.0198355820029974
528,145474,,,,0.01982508972287178,0.04540000483393669,0.01982508972287178
529,145749,,,,0.019809626042842865,0.04542500153183937,0.019809626042842865
530,146024,,,,0.019829537719488144,0.0453670360147953,0.019829537719488144
531,146299,,,,0.0198650099337101,0.04520720615983009,0.0198650099337101
532,146574,,,,0.01997307687997818,0.04494229704141617,0.01997307687997818
533,146849,,,,0.01990005187690258,0.045511096715927124,0.01990005187690258
534,147124,,,,0.019872276112437248,0.04525723680853844,0.019872276112437248
535,147399,,,,0.019869348034262657,0.04522424936294556,0.019869348034262657
536,147674,,,,0.019923528656363487,0.04506455734372139,0.019923528656363487
537,147949,,,,0.01992085762321949,0.04499901458621025,0.01992085762321949
538,148224,,,,0.019939366728067398,0.04573652520775795,0.019939366728067398
539,148499,,,,0.02000877447426319,0.04514433071017265,0.02000877447426319
540,148774,,,,0.02009555697441101,0.0455416776239872,0.02009555697441101
541,149049,,,,0.02006988599896431,0.04503847286105156,0.02006988599896431
542,149324,,,,0.020283292979002,0.04524745047092438,0.020283292979002
543,149599,,,,0.020234782248735428,0.04533293843269348,0.020234782248735428
544,149874,,,,0.0202556774020195,0.044923923909664154,0.0202556774020195
545,150149,,,,0.020113268867135048,0.04531066492199898,0.020113268867135048
546,150424,,,,0.020851941779255867,0.045666810125112534,0.020851941779255867
547,150699,,,,0.02066129632294178,0.04505155235528946,0.02066129632294178
548,150974,,,,0.020636489614844322,0.04534516856074333,0.020636489614844322
549,151249,,,,0.020276803523302078,0.044924866408109665,0.020276803523302078
550,151524,,,,0.02019987255334854,0.04509350284934044,0.02019987255334854
551,151799,,,,0.020440300926566124,0.04534810781478882,0.020440300926566124
552,152074,,,,0.020923586562275887,0.04528629407286644,0.020923586562275887
553,152349,,,,0.020783742889761925,0.04497744143009186,0.020783742889761925
554,152624,,,,0.020529136061668396,0.04529166966676712,0.020529136061668396
555,152899,,,,0.020483873784542084,0.0447700060904026,0.020483873784542084
556,153174,,,,0.020654454827308655,0.045093756169080734,0.020654454827308655
557,153449,,,,0.021223286166787148,0.045517440885305405,0.021223286166787148
558,153724,,,,0.021274534985423088,0.04528233781456947,0.021274534985423088
559,153999,,,,0.020901156589388847,0.04558045044541359,0.020901156589388847
560,154274,,,,0.020710080862045288,0.04471473768353462,0.020710080862045288
561,154549,,,,0.020619483664631844,0.04465898498892784,0.020619483664631844
562,154824,,,,0.022002041339874268,0.04577840119600296,0.022002041339874268
563,155099,,,,0.026958661153912544,0.04969135671854019,0.026958661153912544
564,155374,,,,0.024129370227456093,0.04731149971485138,0.024129370227456093
565,155649,,,,0.022798040881752968,0.045834943652153015,0.022798040881752968
566,155924,,,,0.022312913089990616,0.04538234323263168,0.022312913089990616
567,156199,,,,0.022001763805747032,0.04580048844218254,0.022001763805747032
568,156474,,,,0.021848171949386597,0.045624859631061554,0.021848171949386597
569,156749,,,,0.02152206376194954,0.04546044021844864,0.02152206376194954
570,157024,,,,0.021488435566425323,0.04572390392422676,0.021488435566425323
571,157299,,,,0.021389003843069077,0.04502815008163452,0.021389003843069077
572,157574,,,,0.021284662187099457,0.044941727072000504,0.021284662187099457
573,157849,,,,0.021170789375901222,0.04572440683841705,0.021170789375901222
574,158124,,,,0.021182697266340256,0.04520421102643013,0.021182697266340256
575,158399,,,,0.021173670887947083,0.04503066465258598,0.021173670887947083
576,158674,,,,0.021169260144233704,0.045146048069000244,0.021169260144233704
577,158949,,,,0.021386830136179924,0.044953640550374985,0.021386830136179924
578,159224,,,,0.021422116085886955,0.045129843056201935,0.021422116085886955
579,159499,,,,0.02125389501452446,0.04495905339717865,0.02125389501452446
580,159774,,,,0.021242260932922363,0.04524634778499603,0.021242260932922363
581,160049,,,,0.021625429391860962,0.04503706842660904,0.021625429391860962
582,160324,,,,0.02155482769012451,0.04456111416220665,0.02155482769012451
583,160599,,,,0.021855110302567482,0.04557683691382408,0.021855110302567482
584,160874,,,,0.021703502163290977,0.04530298337340355,0.021703502163290977
585,161149,,,,0.02217864617705345,0.04535093531012535,0.02217864617705345
586,161424,,,,0.031318243592977524,0.05377208814024925,0.031318243592977524
587,161699,,,,0.02367429807782173,0.046306006610393524,0.02367429807782173
588,161974,,,,0.0228886716067791,0.045730553567409515,0.0228886716067791
589,162249,,,,0.02234051004052162,0.04553215950727463,0.02234051004052162
590,162524,,,,0.02248424105346203,0.04536278918385506,0.02248424105346203
591,162799,,,,0.022321728989481926,0.045429620891809464,0.022321728989481926
592,163074,,,,0.02289142832159996,0.045740049332380295,0.02289142832159996
593,163349,,,,0.02373252436518669,0.04624851420521736,0.02373252436518669
594,163624,,,,0.022547822445631027,0.045277051627635956,0.022547822445631027
595,163899,,,,0.022151974961161613,0.04482900723814964,0.022151974961161613
596,164174,,,,0.022520441561937332,0.045427873730659485,0.022520441561937332
597,164449,,,,0.022199925035238266,0.04531755670905113,0.022199925035238266
598,164724,,,,0.02241208218038082,0.04530288279056549,0.02241208218038082
599,164999,,,,0.022211400792002678,0.044967345893383026,0.022211400792002678
600,165274,,,,0.02208009921014309,0.044511936604976654,0.02208009921014309
601,165549,,,,0.02228841744363308,0.04456618055701256,0.02228841744363308
602,165824,,,,0.022448992356657982,0.04546348378062248,0.022448992356657982
603,166099,,,,0.02259393408894539,0.044944267719984055,0.02259393408894539
604,166374,,,,0.02286287397146225,0.04528428986668587,0.02286287397146225
605,166649,,,,0.0234081968665123,0.04538606479763985,0.0234081968665123
606,166924,,,,0.02339622937142849,0.045221373438835144,0.02339622937142849
607,167199,,,,0.023190535604953766,0.04554663971066475,0.023190535604953766
608,167474,,,,0.027361443266272545,0.04975277930498123,0.027361443266272545
609,167749,,,,0.026539131999015808,0.04832112789154053,0.026539131999015808
610,168024,,,,0.02462613768875599,0.04672648385167122,0.02462613768875599
611,168299,,,,0.024647286161780357,0.04643935337662697,0.024647286161780357
612,168574,,,,0.025803176686167717,0.04778654873371124,0.025803176686167717
613,168849,,,,0.025925077497959137,0.04728889465332031,0.025925077497959137
614,169124,,,,0.025269394740462303,0.04679100587964058,0.025269394740462303
615,169399,,,,0.023763570934534073,0.04585855081677437,0.023763570934534073
616,169674,,,,0.023775843903422356,0.04550740495324135,0.023775843903422356
617,169949,,,,0.023404989391565323,0.04539111256599426,0.023404989391565323
618,170224,,,,0.023905379697680473,0.04554780200123787,0.023905379697680473
619,170499,,,,0.023946555331349373,0.04532570764422417,0.023946555331349373
620,170774,,,,0.023522857576608658,0.04552026093006134,0.023522857576608658
621,171049,,,,0.024574443697929382,0.045767590403556824,0.024574443697929382
622,171324,,,,0.02811843901872635,0.049830108880996704,0.02811843901872635
623,171599,,,,0.025314440950751305,0.047102801501750946,0.025314440950751305
624,171874,,,,0.024420935660600662,0.04615139961242676,0.024420935660600662
625,172149,,,,0.025291308760643005,0.047193944454193115,0.025291308760643005
626,172424,,,,0.03563350439071655,0.05851927027106285,0.03563350439071655
627,172699,,,,0.03439174219965935,0.05684126913547516,0.03439174219965935
628,172974,,,,0.02891731821000576,0.05045618861913681,0.02891731821000576
629,173249,,,,0.026776093989610672,0.04790288209915161,0.026776093989610672
630,173524,,,,0.025731496512889862,0.04724165052175522,0.025731496512889862
631,173799,,,,0.026984555646777153,0.048273053020238876,0.026984555646777153
632,174074,,,,0.02502487599849701,0.04640381410717964,0.02502487599849701
633,174349,,,,0.03487367555499077,0.05729633569717407,0.03487367555499077
634,174624,,,,0.030118145048618317,0.05186886712908745,0.030118145048618317
635,174899,,,,0.02710583619773388,0.0485222190618515,0.02710583619773388
636,175174,,,,0.026190077885985374,0.047743070870637894,0.026190077885985374
637,175449,,,,0.025804465636610985,0.047184646129608154,0.025804465636610985
638,175724,,,,0.027010396122932434,0.0480690598487854,0.027010396122932434
639,175999,,,,0.027923917397856712,0.04879189655184746,0.027923917397856712
640,176274,,,,0.02614217810332775,0.04717492684721947,0.02614217810332775
641,176549,,,,0.025068724527955055,0.04636984318494797,0.025068724527955055
642,176824,,,,0.02535765990614891,0.04650845006108284,0.02535765990614891
643,177099,,,,0.02798568829894066,0.048985403031110764,0.02798568829894066
644,177374,,,,0.026908623054623604,0.047725290060043335,0.026908623054623604
645,177649,,,,0.027007419615983963,0.047411806881427765,0.027007419615983963
646,177924,,,,0.02650749497115612,0.04726841300725937,0.02650749497115612
647,178199,,,,0.02655939944088459,0.04749405011534691,0.02655939944088459
648,178474,,,,0.02769116871058941,0.04805130511522293,0.02769116871058941
649,178749,,,,0.02640875056385994,0.04714789241552353,0.02640875056385994
650,179024,,,,0.03317256644368172,0.05480742081999779,0.03317256644368172
651,179299,,,,0.03001323714852333,0.05050686001777649,0.03001323714852333
652,179574,,,,0.028315294533967972,0.04860309883952141,0.028315294533967972
653,179849,,,,0.02764284983277321,0.048233721405267715,0.02764284983277321
654,180124,,,,0.026934558525681496,0.04752723127603531,0.026934558525681496
655,180399,,,,0.02688675746321678,0.04750201851129532,0.02688675746321678
656,180674,,,,0.027660831809043884,0.0484415739774704,0.027660831809043884
657,180949,,,,0.028126085177063942,0.04841020330786705,0.028126085177063942
658,181224,,,,0.02685445547103882,0.04692446067929268,0.02685445547103882
659,181499,,,,0.029185034334659576,0.04955507442355156,0.029185034334659576
660,181774,,,,0.0274156853556633,0.04745211452245712,0.0274156853556633
661,182049,,,,0.02718629315495491,0.047651492059230804,0.02718629315495491
662,182324,,,,0.027279283851385117,0.04749997332692146,0.027279283851385117
663,182599,,,,0.02726008929312229,0.048061154782772064,0.02726008929312229
664,182874,,,,0.03006323054432869,0.05121595412492752,0.03006323054432869
665,183149,,,,0.030249586328864098,0.050321973860263824,0.030249586328864098
666,183424,,,,0.03858431056141853,0.06188983470201492,0.03858431056141853
667,183699,,,,0.030090203508734703,0.050245560705661774,0.030090203508734703
668,183974,,,,0.029805436730384827,0.05027385428547859,0.029805436730384827
669,184249,,,,0.03785189986228943,0.05935821309685707,0.03785189986228943
670,184524,,,,0.03176666051149368,0.05203219875693321,0.03176666051149368
671,184799,,,,0.03234993666410446,0.05283582583069801,0.03234993666410446
672,185074,,,,0.03153940662741661,0.05166028067469597,0.03153940662741661
673,185349,,,,0.029012102633714676,0.04896384850144386,0.029012102633714676
674,185624,,,,0.03002251125872135,0.049684617668390274,0.03002251125872135
675,185899,,,,0.028739383444190025,0.049174439162015915,0.028739383444190025
676,186174,,,,0.028187382966279984,0.048289161175489426,0.028187382966279984
677,186449,,,,0.03030613251030445,0.05044455826282501,0.03030613251030445
678,186724,,,,0.03990199416875839,0.06327669322490692,0.03990199416875839
679,186999,,,,0.030022988095879555,0.05032039433717728,0.030022988095879555
680,187274,,,,0.029722020030021667,0.04975426569581032,0.029722020030021667
681,187549,,,,0.029900573194026947,0.04982545226812363,0.029900573194026947
682,187824,,,,0.040397852659225464,0.06243022903800011,0.040397852659225464
683,188099,,,,0.032068006694316864,0.05185914784669876,0.032068006694316864
684,188374,,,,0.033981457352638245,0.05419447645545006,0.033981457352638245
685,188649,,,,0.030575644224882126,0.05031862482428551,0.030575644224882126
686,188924,,,,0.031145364046096802,0.051456596702337265,0.031145364046096802
687,189199,,,,0.02951514720916748,0.049500346183776855,0.02951514720916748
688,189474,,,,0.029712842777371407,0.04964469000697136,0.029712842777371407
689,189749,,,,0.031381260603666306,0.05124187469482422,0.031381260603666306
690,190024,,,,0.032003168016672134,0.052222393453121185,0.032003168016672134
691,190299,,,,0.03397054597735405,0.05424290895462036,0.03397054597735405
692,190574,,,,0.032263725996017456,0.052031099796295166,0.032263725996017456
693,190849,,,,0.0314793698489666,0.05114848166704178,0.0314793698489666
694,191124,,,,0.0309002622961998,0.05030769109725952,0.0309002622961998
695,191399,,,,0.029833603650331497,0.0494098998606205,0.029833603650331497
696,191674,,,,0.030203163623809814,0.049745120108127594,0.030203163623809814
697,191949,,,,0.03265916183590889,0.052579931914806366,0.03265916183590889
698,192224,,,,0.037195172160863876,0.05800050124526024,0.037195172160863876
699,192499,,,,0.033270061016082764,0.05295771360397339,0.033270061016082764
700,192774,,,,0.037079665809869766,0.0576389841735363,0.037079665809869766
701,193049,,,,0.056694578379392624,0.08329902589321136,0.056694578379392624
702,193324,,,,0.04337456077337265,0.06533311307430267,0.04337456077337265
703,193599,,,,0.041581761091947556,0.06303311139345169,0.041581761091947556
704,193874,,,,0.03933113440871239,0.06070498749613762,0.03933113440871239
705,194149,,,,0.0357433445751667,0.05658501386642456,0.0357433445751667
706,194424,,,,0.03597494587302208,0.0561036579310894,0.03597494587302208
707,194699,,,,0.04334940016269684,0.06522718071937561,0.04334940016269684
708,194974,,,,0.03550040349364281,0.05582968145608902,0.03550040349364281
709,195249,,,,0.03381366282701492,0.05365471914410591,0.03381366282701492
710,195524,,,,0.03339443355798721,0.05314138904213905,0.03339443355798721
711,195799,,,,0.033473096787929535,0.052937574684619904,0.033473096787929535
712,196074,,,,0.03484315425157547,0.05426870286464691,0.03484315425157547
713,196349,,,,0.03552110493183136,0.05604790151119232,0.03552110493183136
714,196624,,,,0.03530992940068245,0.05554721876978874,0.03530992940068245
715,196899,,,,0.05426158010959625,0.07944788783788681,0.05426158010959625
716,197174,,,,0.05735514685511589,0.08283546566963196,0.05735514685511589
717,197449,,,,0.057547587901353836,0.0840425118803978,0.057547587901353836
718,197724,,,,0.044786110520362854,0.06761655956506729,0.044786110520362854
719,197999,,,,0.04105650633573532,0.062054648995399475,0.04105650633573532
720,198274,,,,0.03814612701535225,0.05916436389088631,0.03814612701535225
721,198549,,,,0.043901823461055756,0.06629110872745514,0.043901823461055756
722,198824,,,,0.04139919579029083,0.06363339722156525,0.04139919579029083
723,199099,,,,0.05169886723160744,0.0765051320195198,0.05169886723160744
724,199374,,,,0.04567078500986099,0.06819789856672287,0.04567078500986099
725,199649,,,,0.03928405046463013,0.059831731021404266,0.03928405046463013
726,199924,,,,0.046590406447649,0.07028332352638245,0.046590406447649
727,200199,,,,0.04141594097018242,0.06306055933237076,0.04141594097018242
728,200474,,,,0.04024805501103401,0.06082828715443611,0.04024805501103401
729,200749,,,,0.03905625268816948,0.059842322021722794,0.03905625268816948
730,201024,,,,0.04204368218779564,0.06414109468460083,0.04204368218779564
731,201299,,,,0.10939714312553406,0.15167507529258728,0.10939714312553406
732,201574,,,,0.06647592037916183,0.09617213159799576,0.06647592037916183
733,201849,,,,0.05494846776127815,0.08163512498140335,0.05494846776127815
734,202124,,,,0.05260695517063141,0.07722660154104233,0.05260695517063141
735,202399,,,,0.04950002580881119,0.0727100744843483,0.04950002580881119
736,202674,,,,0.053332675248384476,0.07802791893482208,0.053332675248384476
737,202949,,,,0.0587628148496151,0.08476684987545013,0.0587628148496151
738,203224,,,,0.05497147887945175,0.07949880510568619,0.05497147887945175
739,203499,,,,0.049006614834070206,0.07183491438627243,0.049006614834070206
740,203774,,,,0.046344880014657974,0.06926242262125015,0.046344880014657974
741,204049,,,,0.05270000547170639,0.07647419720888138,0.05270000547170639
742,204324,,,,0.04628732055425644,0.06844324618577957,0.04628732055425644
743,204599,,,,0.04361129552125931,0.06477119773626328,0.04361129552125931
744,204874,,,,0.043331027030944824,0.06514955312013626,0.043331027030944824
745,205149,,,,0.041324466466903687,0.06240833178162575,0.041324466466903687
746,205424,,,,0.07952903211116791,0.11178223788738251,0.07952903211116791
747,205699,,,,0.05244782194495201,0.07681529968976974,0.05244782194495201
748,205974,,,,0.05080386623740196,0.07466807216405869,0.05080386623740196
749,206249,,,,0.07115446776151657,0.10291207581758499,0.07115446776151657
750,206524,,,,0.06651680171489716,0.09708331525325775,0.06651680171489716
751,206799,,,,0.05380105972290039,0.0797521099448204,0.05380105972290039
752,207074,,,,0.049050651490688324,0.07332590967416763,0.049050651490688324
753,207349,,,,0.0492231585085392,0.07272106409072876,0.0492231585085392
754,207624,,,,0.048342157155275345,0.0711832270026207,0.048342157155275345
755,207899,,,,0.04403798654675484,0.06535112112760544,0.04403798654675484
756,208174,,,,0.04254500940442085,0.06432970613241196,0.04254500940442085
757,208449,,,,0.044947549700737,0.06730461865663528,0.044947549700737
758,208724,,,,0.04251576587557793,0.06378693133592606,0.04251576587557793
759,208999,,,,0.04290936887264252,0.06422151625156403,0.04290936887264252
760,209274,,,,0.04162809997797012,0.06278757750988007,0.04162809997797012
761,209549,,,,0.04426763579249382,0.06572464108467102,0.04426763579249382
762,209824,,,,0.04210398718714714,0.0632738322019577,0.04210398718714714
763,210099,,,,0.04381515085697174,0.06567364186048508,0.04381515085697174
764,210374,,,,0.04351566359400749,0.0650591179728508,0.04351566359400749
765,210649,,,,0.04260365664958954,0.06364981085062027,0.04260365664958954
766,210924,,,,0.04127637296915054,0.0625886619091034,0.04127637296915054
767,211199,,,,0.04411090910434723,0.06477444618940353,0.04411090910434723
768,211474,,,,0.04612407088279724,0.0678192600607872,0.04612407088279724
769,211749,,,,0.0441284105181694,0.06584477424621582,0.0441284105181694
770,212024,,,,0.04446510970592499,0.06645077466964722,0.04446510970592499
771,212299,,,,0.04350203275680542,0.06494307518005371,0.04350203275680542
772,212574,,,,0.04672282934188843,0.06849638372659683,0.04672282934188843
773,212849,,,,0.0428856760263443,0.06379897147417068,0.0428856760263443
774,213124,,,,0.046993039548397064,0.06908027827739716,0.046993039548397064
775,213399,,,,0.04153401032090187,0.062452852725982666,0.04153401032090187
776,213674,,,,0.04443088173866272,0.06641704589128494,0.04443088173866272
777,213949,,,,0.050467878580093384,0.07417130470275879,0.050467878580093384
778,214224,,,,0.07483824342489243,0.10626441985368729,0.07483824342489243
779,214499,,,,0.05199280008673668,0.07517053186893463,0.05199280008673668
780,214774,,,,0.059572409838438034,0.08584912866353989,0.059572409838438034
781,215049,,,,0.05920141935348511,0.08469921350479126,0.05920141935348511
782,215324,,,,0.0516393706202507,0.07438011467456818,0.0516393706202507
783,215599,,,,0.04474761709570885,0.06578020751476288,0.04474761709570885
784,215874,,,,0.04385078325867653,0.06517211347818375,0.04385078325867653
785,216149,,,,0.04685581102967262,0.06998682022094727,0.04685581102967262
786,216424,,,,0.06408347189426422,0.09233315289020538,0.06408347189426422
787,216699,,,,0.05265678092837334,0.07653984427452087,0.05265678092837334
788,216974,,,,0.06864664703607559,0.09752199053764343,0.06864664703607559
789,217249,,,,0.05461777746677399,0.07860161364078522,0.05461777746677399
790,217524,,,,0.0498846098780632,0.072722427546978,0.0498846098780632
791,217799,,,,0.047663070261478424,0.06991413235664368,0.047663070261478424
792,218074,,,,0.04677196592092514,0.06866756826639175,0.04677196592092514
793,218349,,,,0.044929347932338715,0.06661023199558258,0.044929347932338715
794,218624,,,,0.06125674769282341,0.08791906386613846,0.06125674769282341
795,218899,,,,0.058221109211444855,0.08331769704818726,0.058221109211444855
796,219174,,,,0.04613262042403221,0.06797952204942703,0.04613262042403221
797,219449,,,,0.04464920982718468,0.06637948006391525,0.04464920982718468
798,219724,,,,0.04722531512379646,0.06942528486251831,0.04722531512379646
799,219999,,,,0.04438185691833496,0.06572838127613068,0.04438185691833496
800,220274,,,,0.0450541116297245,0.06676582992076874,0.0450541116297245
801,220549,,,,0.04618155583739281,0.06842135637998581,0.04618155583739281
802,220824,,,,0.049306612461805344,0.07240864634513855,0.049306612461805344
803,221099,,,,0.04819275066256523,0.07165955007076263,0.04819275066256523
804,221374,,,,0.04931829497218132,0.07229363918304443,0.04931829497218132
805,221649,,,,0.04547584056854248,0.06655465811491013,0.04547584056854248
806,221924,,,,0.06411219388246536,0.09192563593387604,0.06411219388246536
807,222199,,,,0.0489218570291996,0.07179396599531174,0.0489218570291996
808,222474,,,,0.0450613796710968,0.06668751686811447,0.0450613796710968
809,222749,,,,0.04378053918480873,0.06434576213359833,0.04378053918480873
810,223024,,,,0.04526766389608383,0.06670873612165451,0.04526766389608383
811,223299,,,,0.046033620834350586,0.06705202907323837,0.046033620834350586
812,223574,,,,0.04596107453107834,0.06752066314220428,0.04596107453107834
813,223849,,,,0.045769378542900085,0.06759543716907501,0.045769378542900085
814,224124,,,,0.06344261020421982,0.09124123305082321,0.06344261020421982
815,224399,,,,0.05385354906320572,0.07863020151853561,0.05385354906320572
816,224674,,,,0.04953193664550781,0.07198143005371094,0.04953193664550781
817,224949,,,,0.047959037125110626,0.0701761320233345,0.047959037125110626
818,225224,,,,0.04843497648835182,0.06992561370134354,0.04843497648835182
819,225499,,,,0.04605504870414734,0.06706733256578445,0.04605504870414734
820,225774,,,,0.05491093918681145,0.08246590942144394,0.05491093918681145
821,226049,,,,0.05357900261878967,0.077816903591156,0.05357900261878967
822,226324,,,,0.04890017956495285,0.07101281732320786,0.04890017956495285
823,226599,,,,0.045051153749227524,0.06616787612438202,0.045051153749227524
824,226874,,,,0.04465627670288086,0.06561549007892609,0.04465627670288086
825,227149,,,,0.04620351642370224,0.06764494627714157,0.04620351642370224
826,227424,,,,0.05176066234707832,0.07619574666023254,0.05176066234707832
827,227699,,,,0.04962758719921112,0.07201183587312698,0.04962758719921112
828,227974,,,,0.045451294630765915,0.06697056442499161,0.045451294630765915
829,228249,,,,0.05627654492855072,0.08137385547161102,0.05627654492855072
830,228524,,,,0.04918307811021805,0.07104261964559555,0.04918307811021805
831,228799,,,,0.048214372247457504,0.07058310508728027,0.048214372247457504
832,229074,,,,0.04638531804084778,0.06838821619749069,0.04638531804084778
833,229349,,,,0.053145866841077805,0.0770103856921196,0.053145866841077805
834,229624,,,,0.04807689040899277,0.0723690390586853,0.04807689040899277
835,229899,,,,0.04603145271539688,0.06678131222724915,0.04603145271539688
836,230174,,,,0.049293965101242065,0.07166270166635513,0.049293965101242065
837,230449,,,,0.08024085313081741,0.11211898922920227,0.08024085313081741
838,230724,,,,0.05766608938574791,0.08405496180057526,0.05766608938574791
839,230999,,,,0.05444417893886566,0.07857213169336319,0.05444417893886566
840,231274,,,,0.06299271434545517,0.09069519490003586,0.06299271434545517
841,231549,,,,0.07242089509963989,0.1014956459403038,0.07242089509963989
842,231824,,,,0.06462877243757248,0.09188515692949295,0.06462877243757248
843,232099,,,,0.06344854831695557,0.09006195515394211,0.06344854831695557
844,232374,,,,0.053533732891082764,0.07713349163532257,0.053533732891082764
845,232649,,,,0.057462528347969055,0.08333388715982437,0.057462528347969055
846,232924,,,,0.056749071925878525,0.08126305043697357,0.056749071925878525
847,233199,,,,0.049388691782951355,0.07184284180402756,0.049388691782951355
848,233474,,,,0.04898326098918915,0.07102281600236893,0.04898326098918915
849,233749,,,,0.0923139899969101,0.12660498917102814,0.0923139899969101
850,234024,,,,0.09041929244995117,0.12462110817432404,0.09041929244995117
851,234299,,,,0.07699407637119293,0.1091189831495285,0.07699407637119293
852,234574,,,,0.07706020027399063,0.10897021740674973,0.07706020027399063
853,234849,,,,0.07304062694311142,0.10290107876062393,0.07304062694311142
854,235124,,,,0.06521850824356079,0.09398934245109558,0.06521850824356079
855,235399,,,,0.0698326900601387,0.09948614239692688,0.0698326900601387
856,235674,,,,0.0647030770778656,0.0923529639840126,0.0647030770778656
857,235949,,,,0.06260771304368973,0.08971212059259415,0.06260771304368973
858,236224,,,,0.06044458970427513,0.08612019568681717,0.06044458970427513
859,236499,,,,0.06108257174491882,0.08784237504005432,0.06108257174491882
860,236774,,,,0.05948038026690483,0.08475861698389053,0.05948038026690483
861,237049,,,,0.059744611382484436,0.08529201149940491,0.059744611382484436
862,237324,,,,0.05636480823159218,0.08112490177154541,0.05636480823159218
863,237599,,,,0.05383864417672157,0.07742560654878616,0.05383864417672157
864,237874,,,,0.05880191922187805,0.08335758745670319,0.05880191922187805
865,238149,,,,0.06608662009239197,0.09330833703279495,0.06608662009239197
866,238424,,,,0.05962304770946503,0.08460820466279984,0.05962304770946503
867,238699,,,,0.0629604160785675,0.08896049112081528,0.0629604160785675
868,238974,,,,0.056489091366529465,0.08011183887720108,0.056489091366529465
869,239249,,,,0.05331167206168175,0.0771583616733551,0.05331167206168175
870,239524,,,,0.06074463203549385,0.08785136044025421,0.06074463203549385
871,239799,,,,0.05385471507906914,0.0782041996717453,0.05385471507906914
872,240074,,,,0.05917802453041077,0.08424241095781326,0.05917802453041077
873,240349,,,,0.05488651990890503,0.0790369063615799,0.05488651990890503
874,240624,,,,0.055576521903276443,0.07956769317388535,0.055576521903276443
875,240899,,,,0.08059073239564896,0.11359090358018875,0.08059073239564896
876,241174,,,,0.1275952309370041,0.18168285489082336,0.1275952309370041
877,241449,,,,0.10620691627264023,0.14555174112319946,0.10620691627264023
878,241724,,,,0.08931750804185867,0.12534165382385254,0.08931750804185867
879,241999,,,,0.0857258215546608,0.11871766299009323,0.0857258215546608
880,242274,,,,0.0820937529206276,0.11443909257650375,0.0820937529206276
881,242549,,,,0.08048860728740692,0.114029161632061,0.08048860728740692
882,242824,,,,0.07409179210662842,0.10430204123258591,0.07409179210662842
883,243099,,,,0.0676427111029625,0.09581875056028366,0.0676427111029625
884,243374,,,,0.07064027339220047,0.09922982007265091,0.07064027339220047
885,243649,,,,0.0804617628455162,0.11293541640043259,0.0804617628455162
886,243924,,,,0.06711502373218536,0.09549881517887115,0.06711502373218536
887,244199,,,,0.0732634887099266,0.10443948209285736,0.0732634887099266
888,244474,,,,0.06636771559715271,0.09405990689992905,0.06636771559715271
889,244749,,,,0.08823132514953613,0.12174595147371292,0.08823132514953613
890,245024,,,,0.14973211288452148,0.19868232309818268,0.14973211288452148
891,245299,,,,0.13227210938930511,0.1778903603553772,0.13227210938930511
892,245574,,,,0.1192026361823082,0.1673499196767807,0.1192026361823082
893,245849,,,,0.10942798852920532,0.15029433369636536,0.10942798852920532
894,246124,,,,0.12092270702123642,0.16340576112270355,0.12092270702123642
895,246399,,,,0.12714731693267822,0.18450061976909637,0.12714731693267822
896,246674,,,,0.11330094188451767,0.15491843223571777,0.11330094188451767
897,246949,,,,0.1160493865609169,0.15811589360237122,0.1160493865609169
898,247224,,,,0.12049204111099243,0.16356006264686584,0.12049204111099243
899,247499,,,,0.10920713096857071,0.14886093139648438,0.10920713096857071
900,247774,,,,0.10694510489702225,0.1460915058851242,0.10694510489702225
901,248049,,,,0.1033383458852768,0.1428528130054474,0.1033383458852768
902,248324,,,,0.10165061801671982,0.14032819867134094,0.10165061801671982
903,248599,,,,0.10345141589641571,0.1415860503911972,0.10345141589641571
904,248874,,,,0.10754644125699997,0.147166907787323,0.10754644125699997
905,249149,,,,0.1111760288476944,0.15002183616161346,0.1111760288476944
906,249424,,,,0.10414192080497742,0.14354994893074036,0.10414192080497742
907,249699,,,,0.09882473945617676,0.13712835311889648,0.09882473945617676
908,249974,,,,0.11007851362228394,0.15407034754753113,0.11007851362228394
909,250249,,,,0.11749797314405441,0.16194184124469757,0.11749797314405441
910,250524,,,,0.10648199915885925,0.1492324024438858,0.10648199915885925
911,250799,,,,0.0986998975276947,0.13723227381706238,0.0986998975276947
912,251074,,,,0.10042821615934372,0.13780471682548523,0.10042821615934372
913,251349,,,,0.1055794432759285,0.14423944056034088,0.1055794432759285
914,251624,,,,0.10479680448770523,0.14294587075710297,0.10479680448770523
915,251899,,,,0.11080203950405121,0.15176649391651154,0.11080203950405121
916,252174,,,,0.10587543994188309,0.14631709456443787,0.10587543994188309
917,252449,,,,0.10933511704206467,0.15301868319511414,0.10933511704206467
918,252724,,,,0.11024092882871628,0.15065230429172516,0.11024092882871628
919,252999,,,,0.1136360689997673,0.15426509082317352,0.1136360689997673
920,253274,,,,0.10260041803121567,0.14173510670661926,0.10260041803121567
921,253549,,,,0.09724453836679459,0.13450302183628082,0.09724453836679459
922,253824,,,,0.09489453583955765,0.13139523565769196,0.09489453583955765
923,254099,,,,0.09911799430847168,0.13660189509391785,0.09911799430847168
924,254374,,,,0.10611662268638611,0.14489491283893585,0.10611662268638611
925,254649,,,,0.10953012853860855,0.14937250316143036,0.10953012853860855
926,254924,,,,0.1129031628370285,0.1537485420703888,0.1129031628370285
927,255199,,,,0.10360433906316757,0.14171864092350006,0.10360433906316757
928,255474,,,,0.09594293683767319,0.13219530880451202,0.09594293683767319
929,255749,,,,0.09811852872371674,0.1353045403957367,0.09811852872371674
930,256024,,,,0.10232047736644745,0.13965488970279694,0.10232047736644745
931,256299,,,,0.09660510718822479,0.13314181566238403,0.09660510718822479
932,256574,,,,0.12960906326770782,0.17493648827075958,0.12960906326770782
933,256849,,,,0.1245434433221817,0.16831254959106445,0.1245434433221817
934,257124,,,,0.10862822085618973,0.14900800585746765,0.10862822085618973
935,257399,,,,0.11547121405601501,0.1567615419626236,0.11547121405601501
936,257674,,,,0.10610424727201462,0.14579223096370697,0.10610424727201462
937,257949,,,,0.09831082075834274,0.13681887090206146,0.09831082075834274
938,258224,,,,0.1292901486158371,0.17808730900287628,0.1292901486158371
939,258499,,,,0.1266808956861496,0.17261317372322083,0.1266808956861496
940,258774,,,,0.13133974373340607,0.17794471979141235,0.13133974373340607
941,259049,,,,0.1330728530883789,0.20245696604251862,0.1330728530883789
942,259324,,,,0.12793882191181183,0.17236383259296417,0.12793882191181183
943,259599,,,,0.11891034245491028,0.16122324764728546,0.11891034245491028
944,259874,,,,0.13375750184059143,0.1848171204328537,0.13375750184059143
945,260149,,,,0.11473695188760757,0.15726858377456665,0.11473695188760757
946,260424,,,,0.11927568167448044,0.16114109754562378,0.11927568167448044
947,260699,,,,0.1113661378622055,0.15238894522190094,0.1113661378622055
948,260974,,,,0.12913009524345398,0.1724339723587036,0.12913009524345398
949,261249,,,,0.11816959083080292,0.16115854680538177,0.11816959083080292
950,261524,,,,0.10946134477853775,0.1494474709033966,0.10946134477853775
951,261799,,,,0.10326365381479263,0.1422741562128067,0.10326365381479263
952,262074,,,,0.10402192175388336,0.142741397023201,0.10402192175388336
953,262349,,,,0.16836042702198029,0.2280738204717636,0.16836042702198029
954,262624,,,,0.18991641700267792,0.26333096623420715,0.18991641700267792
955,262899,,,,0.17456191778182983,0.24652838706970215,0.17456191778182983
956,263174,,,,0.15447723865509033,0.2211177945137024,0.15447723865509033
957,263449,,,,0.16578559577465057,0.23631198704242706,0.16578559577465057
958,263724,,,,0.15871389210224152,0.21906591951847076,0.15871389210224152
959,263999,,,,0.14737622439861298,0.20311854779720306,0.14737622439861298
960,264274,,,,0.14503160119056702,0.20153608918190002,0.14503160119056702
961,264549,,,,0.13723157346248627,0.18992264568805695,0.13723157346248627
962,264824,,,,0.13940754532814026,0.192656472325325,0.13940754532814026
963,265099,,,,0.13490352034568787,0.18534958362579346,0.13490352034568787
964,265374,,,,0.1260048747062683,0.17464424669742584,0.1260048747062683
965,265649,,,,0.1227530837059021,0.1695614755153656,0.1227530837059021
966,265924,,,,0.11996482312679291,0.16545863449573517,0.11996482312679291
967,266199,,,,0.11626826971769333,0.16089604794979095,0.11626826971769333
968,266474,,,,0.11504193395376205,0.15920397639274597,0.11504193395376205
969,266749,,,,0.11443887650966644,0.15889979898929596,0.11443887650966644
970,267024,,,,0.14162886142730713,0.1932682991027832,0.14162886142730713
971,267299,,,,0.15022532641887665,0.2035520374774933,0.15022532641887665
972,267574,,,,0.14873255789279938,0.19945882260799408,0.14873255789279938
973,267849,,,,0.1496809422969818,0.2026246339082718,0.1496809422969818
974,268124,,,,0.1625789850950241,0.21625402569770813,0.1625789850950241
975,268399,,,,0.15142861008644104,0.20451706647872925,0.15142861008644104
976,268674,,,,0.14988353848457336,0.20243854820728302,0.14988353848457336
977,268949,,,,0.1482313871383667,0.19903481006622314,0.1482313871383667
978,269224,,,,0.14775602519512177,0.1983364075422287,0.14775602519512177
979,269499,,,,0.13919861614704132,0.18934430181980133,0.13919861614704132
980,269774,,,,0.1741005778312683,0.23303771018981934,0.1741005778312683
981,270049,,,,0.15741905570030212,0.2119337022304535,0.15741905570030212
982,270324,,,,0.17250651121139526,0.2572871744632721,0.17250651121139526
983,270599,,,,0.17050789296627045,0.2283957153558731,0.17050789296627045
984,270874,,,,0.19455759227275848,0.2937328517436981,0.19455759227275848
985,271149,,,,0.1666523516178131,0.22782349586486816,0.1666523516178131
986,271424,,,,0.16076122224330902,0.21786272525787354,0.16076122224330902
987,271699,,,,0.1576131135225296,0.21293288469314575,0.1576131135225296
988,271974,,,,0.191269189119339,0.2631075978279114,0.191269189119339
989,272249,,,,0.1657126247882843,0.2211626023054123,0.1657126247882843
990,272524,,,,0.1510225534439087,0.2051362246274948,0.1510225534439087
991,272799,,,,0.15724946558475494,0.21177294850349426,0.15724946558475494
992,273074,,,,0.14999957382678986,0.20401714742183685,0.14999957382678986
993,273349,,,,0.17360232770442963,0.23014217615127563,0.17360232770442963
994,273624,,,,0.15397071838378906,0.20747260749340057,0.15397071838378906
995,273899,,,,0.14520922303199768,0.19741100072860718,0.14520922303199768
996,274174,,,,0.1408885419368744,0.19299526512622833,0.1408885419368744
997,274449,,,,0.13956034183502197,0.1910077929496765,0.13956034183502197
998,274724,,,,0.13887356221675873,0.19005486369132996,0.13887356221675873
999,274999,,,,0.14266933500766754,0.19619880616664886,0.14266933500766754
1000,275000,0.14081990718841553,0.18995113670825958,0.14081990718841553,,,
